Data,URL,Date
What Is Data Scraping And How Can You Use It?,https://targetinternet.com/resources/what-is-data-scraping-and-how-can-you-use-it,13 Eyl 2017
Data Scraping from Websites to Excel | Web Scraper Chorme ...,https://www.youtube.com/watch?v=aClnnoQK9G0,20 Ağu 2021
What is data scraping? - YouTube,https://www.youtube.com/watch?v=COeMzrSYgvw,30 Eki 2020
AWESOME Excel trick to scrape data from web automatically,https://www.youtube.com/watch?v=lFx0MkyBZsg,19 Tem 2022
Instant Data Scraper Chorme Extension | Learn Web Scraping,https://www.youtube.com/watch?v=Y5lodOYAURY,16 Ağu 2021
Google Maps Data Scraping by Free Instant Data Scraper ...,https://www.youtube.com/watch?v=iNy4kfyzK-k,26 Ağu 2021
10 FREE Web Scrapers That You Cannot Miss in 2023,https://www.octoparse.com/blog/9-free-web-scrapers-that-you-cannot-miss,19 Haz 2022
How to do Data Scraping in UiPath - Full Tutorial - YouTube,https://www.youtube.com/watch?v=94vxID7MBOM,21 Nis 2022
R ile İnternet Sitesinden Veri Kazıma | Web Scraping - YouTube,https://www.youtube.com/watch?v=bTzpobQDlPc,28 Haz 2019
WHAT IS DATA SCRAPING AND HOW CAN YOU USE IT?,https://www.linkedin.com/pulse/what-data-scraping-how-can-you-use-daniel-rowles,21 Kas 2017
How to Scrape Data from Websites into Excel - YouTube,https://www.youtube.com/watch?v=uSxM2MXO0HI,30 May 2022
Web Scraping in Power Automate for Desktop (Full Tutorial),https://www.youtube.com/watch?v=WXK0u2yXLrU,25 May 2022
Amazon Web Scraping Using Python | Data Analyst Portfolio ...,https://www.youtube.com/watch?v=HiOtQMcI5wg,24 Ağu 2021
Screen Scraping Any Desktop Application - UiPath,https://www.uipath.com/learning/video-tutorials/screen-scraping-desktop-application,19 Oca 2021
Web Scraping Nedir? - YouTube,https://www.youtube.com/watch?v=nHaDKLyU4U4,22 Şub 2021
Scape Data from Website to Excel using Octoparse Web Scraper,https://www.youtube.com/watch?v=gbuYE7zhPF8,23 May 2022
Web Scraping Services - DATAFOREST,https://dataforest.ai/services/data-scraping,11 Kas 2022
Scrape Data from Google Maps (in 2023) - YouTube,https://www.youtube.com/watch?v=7_hbCI3HBBE,7 Oca 2023
WION Fineprint: Know what is Data Scraping? - YouTube,https://www.youtube.com/watch?v=tsyhHulqwHc,2 Şub 2023
Web Scraping Using Python | GeeksforGeeks - YouTube,https://www.youtube.com/watch?v=O6nnVHPjcJU,14 Nis 2021
Web Scraping with Python - Beautiful Soup Crash Course,https://www.youtube.com/watch?v=XVv6mJpFOb0,18 Kas 2020
Data Scraping Crawler - PhantomBuster,https://phantombuster.com/automations/toolbox/22972/data-scraping-crawler,24 Tem 2019
Is web scraping legal? - YouTube,https://www.youtube.com/watch?v=pPy3sbeGNjQ,20 Kas 2022
Data Scraping for Research Purposes - YouTube,https://www.youtube.com/watch?v=_mTGWquOEos,3 Nis 2022
How To Use ChatGPT To Fully Automate Web Scraping,https://www.youtube.com/watch?v=e9oOj5jRHrM,24 Oca 2023
What is Web Scraping and What is it Used For? | ParseHub,https://www.parsehub.com/blog/what-is-web-scraping/,14 Nis 2023
What is Data Scraping? #shorts - YouTube,https://www.youtube.com/watch?v=pazspHyE618,28 Eki 2021
Web Scraping Made EASY With Power Automate Desktop,https://www.youtube.com/watch?v=DgBZiBIgh3w,10 Şub 2022
How to Scrape Data from Website to Excel in 3 steps?,https://nanonets.com/blog/scrape-data-from-website-to-excel/,7 Mar 2023
Automated Data Scraping & Extraction - Fortra,https://www.fortra.com/product-lines/automate/use/data-scraping-extraction,6 Eyl 2015
Python web scraping, data mining, data scraping, web scraper ...,https://www.upwork.com/services/product/development-it-python-web-scraping-data-mining-data-scraping-web-scraper-crawling-1435441047828234240,1 ay önce
How to do FREE Web Scraping to Excel in Windows 10,https://www.youtube.com/watch?v=4zmviNtOFwA,15 Haz 2022
UiPath Dynamic Data Scraping ALL Availalbe DATA - YouTube,https://www.youtube.com/watch?v=mN-AiGuOKHA,2 Eyl 2022
Getting started with Scraping Browser - Bright Data,https://help.brightdata.com/hc/en-us/articles/13362921219729-Getting-started-with-Scraping-Browser,2 Mar 2023
Scrape Data from Google Search - YouTube,https://www.youtube.com/watch?v=_R8pNl41iUg,23 Tem 2021
Data Scraping with UiPath Studio X - YouTube,https://www.youtube.com/watch?v=iJbM5BpNys4,30 Kas 2022
How to do WEB DATA SCRAPING on Power Automate Desktop,https://www.youtube.com/watch?v=L-tpN7z4tLs,12 Tem 2021
Data Scraping/Web Scraping and build Web Scraper using ...,https://www.upwork.com/en-gb/services/product/development-it-data-scraping-web-scraping-and-build-web-scraper-using-python-1618648504475582464,1 hafta önce
What Is Screen Scraping and How It Works - Bright Data,https://brightdata.com/blog/brightdata-in-practice/what-is-screen-scraping,20 Haz 2022
A Beginner's Guide to learn web scraping with python!,https://www.edureka.co/blog/web-scraping-with-python/,15 May 2022
Web Data Extraction Automation - UiPath,https://www.uipath.com/learning/video-tutorials/web-data-extraction-automation,19 Oca 2021
Web Crawling vs. Web Scraping: The battle for data extraction ...,https://www.youtube.com/watch?v=sdtnQ_qluIo,6 Tem 2021
Web mining | Data scraping | Data extraction - Upwork,https://www.upwork.com/en-gb/services/product/development-it-web-scraping-web-mining-data-scraping-data-extraction-1626828747914829824,5 gün önce
A Beginner's Guide to Data Scraping with UiPath Studio Web,https://www.youtube.com/watch?v=M4W5onuPKlk,31 Oca 2023
Web Scraping, Data Extraction, Data Scraping and ... - Upwork,https://www.upwork.com/en-gb/services/product/development-it-web-scraping-data-extraction-data-scraping-and-web-automation-services-1664605934813929472,1 ay önce
Data Scraping Crawler - Extract contact data from any website,https://www.youtube.com/watch?v=e2ndsH8g8BQ,24 Kas 2022
Data Scraping: How to Get Competitor Pricing by Price Scaping,https://www.symson.com/blog/data-scraping-how-to-get-competitor-pricing-using-price-scaping,4 Nis 2023
7 Best Web Scraping Tools To Extract Data,https://betterprogramming.pub/data-scraping-tools-7cb76eeab89e,26 Nis 2021
Screen scraping: a balancing act for banks - YouTube,https://www.youtube.com/watch?v=0XLEbmBNinI,25 Oca 2022
The 4 Challenges of Data Scraping and How to Overcome Them,https://brightdata.com/blog/how-tos/overcome-data-scraping-challenges,3 Nis 2022
